<?xml version="1.0" encoding="UTF-8"?>
<CustomObject xmlns="http://soap.sforce.com/2006/04/metadata">
  <label>Clause</label>
  <pluralLabel>Clauses</pluralLabel>
  <nameField>
    <type>Text</type>
    <label>Clause Title</label>
  </nameField>
  <deploymentStatus>Deployed</deploymentStatus>
  <sharingModel>ReadWrite</sharingModel>
 
  <fields>
    <fullName>Body__c</fullName> 
    <label>Body</label>
    <type>LongTextArea</type>
    <length>32768</length>
  </fields>

  <fields>
    <fullName>Tags__c</fullName>
    <label>Tags</label>
    <type>Text</type>
    <length>255</length>
  </fields>

  <fields>
    <fullName>Source__c</fullName>
    <label>Source</label>
    <type>Text</type>
    <length>255</length>
  </fields>

  <fields>
    <fullName>Version__c</fullName>
    <label>Version</label>
    <type>Number</type>
    <precision>5</precision>
    <scale>0</scale>
  </fields>
</CustomObject>
