<?xml version="1.0" encoding="UTF-8"?>
<CustomObject xmlns="http://soap.sforce.com/2006/04/metadata">
  <label>Template</label>
  <pluralLabel>Templates</pluralLabel>
  <nameField>
    <type>Text</type>
    <label>Template Name</label> 
  </nameField>
  <deploymentStatus>Deployed</deploymentStatus>
  <sharingModel>ReadWrite</sharingModel>

  <!-- Core fields --> 
  <fields>
    <fullName>Content__c</fullName>
    <label>Content</label>
    <type>LongTextArea</type>
    <length>32768</length>
    <required>false</required>
  </fields>

  <fields>
    <fullName>Format__c</fullName>
    <label>Format</label>
    <type>Picklist</type>
    <valueSet>
      <valueSetDefinition>
        <sorted>false</sorted>
        <value>
          <fullName>HTML</fullName>
          <default>false</default>
        </value>
        <value>
          <fullName>DOCX</fullName>
          <default>false</default>
        </value>
        <value>
          <fullName>PDF</fullName>
          <default>false</default>
        </value>
      </valueSetDefinition>
    </valueSet>
  </fields>

  <fields>
    <fullName>Version__c</fullName>
    <label>Version</label>
    <type>Number</type>
    <precision>5</precision>
    <scale>0</scale>
  </fields>

  <fields>
    <fullName>IsActive__c</fullName>
    <label>Is Active</label>
    <type>Checkbox</type>
    <defaultValue>true</defaultValue>
  </fields>

  <fields>
    <fullName>Owner_Id__c</fullName>
    <label>Owner Id (external)</label>
    <type>Text</type>
    <length>50</length>
  </fields>

  <!-- Audit / meta -->
  <fields>
    <fullName>CreatedByIntegration__c</fullName>
    <label>Created By Integration</label>
    <type>Checkbox</type>
    <defaultValue>false</defaultValue>
  </fields>

  <label>Template</label>
</CustomObject>
