<?xml version="1.0" encoding="UTF-8"?>
<CustomObject xmlns="http://soap.sforce.com/2006/04/metadata">
  <label>Document Template</label>
  <pluralLabel>Document Templates</pluralLabel>
  <nameField>
    <label>Template Name</label>
    <type>Text</type>
  </nameField>
  <deploymentStatus>Deployed</deploymentStatus> 
  <sharingModel>ReadWrite</sharingModel>
  <fields>
    <fullName>Template_Content__c</fullName>
    <label>Template Content</label>
    <type>LongTextArea</type>
    <length>32768</length> 
  </fields>
  <fields>
    <fullName>Region__c</fullName>
    <label>Region</label>
    <type>Text</type>
    <length>50</length>
  </fields>
  <fields>
    <fullName>Default_Output_Format__c</fullName>
    <label>Default Output Format</label>
    <type>Picklist</type>
    <valueSet>
      <valueSetDefinition>
        <sorted>false</sorted>
        <value><fullName>PDF</fullName><default>false</default></value>
        <value><fullName>HTML</fullName><default>false</default></value>
        <value><fullName>DOCX</fullName><default>false</default></value>
      </valueSetDefinition>
    </valueSet>
  </fields>
</CustomObject>
