<?xml version="1.0" encoding="UTF-8"?>
<CustomField xmlns="http://soap.sforce.com/2006/04/metadata">
    <fullName>API_Provider__c</fullName>
    <label>API Provider</label>
    <required>false</required>
    <trackTrending>false</trackTrending>
    <type>Picklist</type>
    <valueSet>
        <restricted>true</restricted>
        <valueSetDefinition>
            <sorted>false</sorted>  
            <value>
                <fullName>Internal</fullName>
                <default>false</default>
                <label>Internal</label>
            </value>
            <value>
                <fullName>DocuSign</fullName>
                <default>false</default>
                <label>DocuSign</label>
            </value>
            <value>
                <fullName>Adobe_Sign</fullName>
                <default>false</default>
                <label>Adobe_Sign</label>
            </value>
        </valueSetDefinition>
    </valueSet>
</CustomField>
