<?xml version="1.0" encoding="UTF-8"?>
<CustomField xmlns="http://soap.sforce.com/2006/04/metadata">
    <fullName>Integration_Status__c</fullName>
    <label>Integration Status</label>
    <required>false</required>
    <trackTrending>false</trackTrending>
    <type>Picklist</type>
    <valueSet>
        <restricted>true</restricted>
        <valueSetDefinition>
            <sorted>false</sorted>  
            <value>
                <fullName>Pending</fullName>
                <default>false</default>
                <label>Pending</label>
            </value>
            <value>
                <fullName>In_Progress</fullName>
                <default>false</default>
                <label>In_Progress</label>
            </value>
            <value>
                <fullName>Completed</fullName>
                <default>false</default>
                <label>Completed</label>
            </value>
            <value>
                <fullName>Failed</fullName>
                <default>false</default>
                <label>Failed</label>
            </value>
        </valueSetDefinition>
    </valueSet>
</CustomField>
