<?xml version="1.0" encoding="UTF-8"?>
<CustomField xmlns="http://soap.sforce.com/2006/04/metadata">
    <fullName>Signature_Request__c</fullName>
    <label>Signature Request</label>
    <referenceTo>Signature_Request__c</referenceTo>
    <relationshipLabel>SignatureDispatcher</relationshipLabel>
    <relationshipName>SignatureDispatcher</relationshipName>
    <relationshipOrder>0</relationshipOrder>
    <reparentableMasterDetail>false</reparentableMasterDetail>
    <trackTrending>false</trackTrending>
    <type>MasterDetail</type>
    <writeRequiresMasterRead>false</writeRequiresMasterRead>
</CustomField>
  