<?xml version="1.0" encoding="UTF-8"?>
<CustomField xmlns="http://soap.sforce.com/2006/04/metadata">
    <fullName>Document__c</fullName>
    <deleteConstraint>SetNull</deleteConstraint>
    <label>Document</label>
    <referenceTo>Document__c</referenceTo>
    <relationshipLabel>Signature Requests</relationshipLabel>
    <relationshipName>Signature_Requests</relationshipName>
    <required>false</required>
    <trackTrending>false</trackTrending>
    <type>Lookup</type>
</CustomField>
  