<?xml version="1.0" encoding="UTF-8"?>
<CustomObject xmlns="http://soap.sforce.com/2006/04/metadata">
  <label>Clause Library</label>
  <pluralLabel>Clause Library</pluralLabel>
  <nameField>
    <label>Clause Title</label>
    <type>Text</type>
  </nameField> 
  <deploymentStatus>Deployed</deploymentStatus>
  <sharingModel>ReadWrite</sharingModel>
  <fields>
    <fullName>Body__c</fullName>
    <label>Body</label> 
    <type>RichTextArea</type>
    <length>32768</length>
  </fields>
  <fields>
    <fullName>Tags__c</fullName>
    <label>Tags</label>
    <type>Text</type>
    <length>255</length>
  </fields>
  <fields>
    <fullName>Source__c</fullName>
    <label>Source</label>
    <type>Url</type>
  </fields>
</CustomObject>
