<?xml version="1.0" encoding="UTF-8"?>
<CustomObject xmlns="http://soap.sforce.com/2006/04/metadata">
  <label>Audit Trail</label>
  <pluralLabel>Audit Trails</pluralLabel>
  <nameField>
    <type>AutoNumber</type>
    <label>Audit Number</label>
    <displayFormat>AT-{000000}</displayFormat>
  </nameField>
  <deploymentStatus>Deployed</deploymentStatus>
  <sharingModel>ReadWrite</sharingModel>
  
  <fields>
    <fullName>Action__c</fullName>
    <label>Action</label>
    <type>Text</type>
    <length>255</length>
  </fields>

  <fields>
    <fullName>ActorId__c</fullName>
    <label>Actor Id</label>
    <type>Text</type>
    <length>50</length>
  </fields>

  <fields>
    <fullName>Timestamp__c</fullName>
    <label>Timestamp</label>
    <type>DateTime</type>
  </fields>

  <fields>
    <fullName>RelatedRecordId__c</fullName>
    <label>Related Record Id</label>
    <type>Text</type>
    <length>50</length>
  </fields>

  <fields>
    <fullName>Details__c</fullName>
    <label>Details</label>
    <type>LongTextArea</type>
    <length>32768</length>
  </fields>
</CustomObject>
