<?xml version="1.0" encoding="UTF-8"?>
<CustomField xmlns="http://soap.sforce.com/2006/04/metadata">
    <fullName>Compliance__c</fullName>
    <label>Compliance</label>
    <required>false</required>
    <trackTrending>false</trackTrending>
    <type>MultiselectPicklist</type>
    <valueSet>
        <restricted>true</restricted>
        <valueSetDefinition>
            <sorted>false</sorted>  
            <value>
                <fullName>DPR</fullName>
                <default>false</default>
                <label>DPR</label>
            </value>
            <value>
                <fullName>HIPAA</fullName>
                <default>false</default>
                <label>HIPAA</label>
            </value>
            <value>
                <fullName>UIDA</fullName>
                <default>false</default>
                <label>UIDA</label>
            </value>
        </valueSetDefinition>
    </valueSet>
    <visibleLines>4</visibleLines>
</CustomField>
