<?xml version="1.0" encoding="UTF-8"?>
<CustomField xmlns="http://soap.sforce.com/2006/04/metadata">
    <fullName>ContractType__c</fullName>
    <label>ContractType</label>
    <required>false</required>
    <trackTrending>false</trackTrending>
    <type>Picklist</type>
    <valueSet>
        <restricted>true</restricted>
        <valueSetDefinition>
            <sorted>false</sorted> 
            <value>
                <fullName>Employment</fullName>
                <default>false</default> 
                <label>Employment</label>
            </value>
            <value>
                <fullName>NDA</fullName>
                <default>false</default>
                <label>NDA</label>
            </value>
            <value>
                <fullName>SLA</fullName>
                <default>false</default>
                <label>SLA</label>
            </value>
        </valueSetDefinition>
    </valueSet>
</CustomField>
