<?xml version="1.0" encoding="UTF-8"?>
<CustomField xmlns="http://soap.sforce.com/2006/04/metadata">
    <fullName>Region__c</fullName>
    <label>Region</label>
    <required>false</required>
    <trackTrending>false</trackTrending>
    <type>Picklist</type>
    <valueSet>
        <restricted>true</restricted>
        <valueSetDefinition> 
            <sorted>false</sorted>
            <value> 
                <fullName>EU</fullName>
                <default>false</default>
                <label>EU</label>
            </value>
            <value>
                <fullName>IN</fullName>
                <default>false</default>
                <label>IN</label>
            </value>
            <value>
                <fullName>US</fullName>
                <default>false</default>
                <label>US</label>
            </value>
        </valueSetDefinition>
    </valueSet>
</CustomField>
