<?xml version="1.0" encoding="UTF-8"?>
<CustomObject xmlns="http://soap.sforce.com/2006/04/metadata">
  <label>Signature Data</label>
  <pluralLabel>Signature Data</pluralLabel>
  <nameField>
    <label>Signature Id</label>
    <type>Text</type>
  </nameField>
  <deploymentStatus>Deployed</deploymentStatus>
  <sharingModel>ReadWrite</sharingModel> 
  <fields>
    <fullName>Document__c</fullName>
    <label>Document</label>
    <type>Lookup</type> 
    <referenceTo>Document__c</referenceTo>
  </fields>
  <fields>
    <fullName>Signer_Name__c</fullName>
    <label>Signer Name</label>
    <type>Text</type>
    <length>150</length>
  </fields>
  <fields>
    <fullName>Signature_Method__c</fullName>
    <label>Signature Method</label>
    <type>Picklist</type>
    <valueSet>
      <valueSetDefinition>
        <value><fullName>Typed</fullName></value>
        <value><fullName>Drawn</fullName></value>
        <value><fullName>Uploaded</fullName></value>
        <value><fullName>Camera</fullName></value>
      </valueSetDefinition>
    </valueSet>
  </fields>
  <fields>
    <fullName>Signature_Blob__c</fullName>
    <label>Signature Blob (Base64)</label>
    <type>LongTextArea</type>
    <length>32768</length>
  </fields>
  <fields>
    <fullName>Signature_Hash__c</fullName>
    <label>SHA256 Hash</label>
    <type>Text</type>
    <length>255</length>
  </fields>
</CustomObject>
