<?xml version="1.0" encoding="UTF-8"?>
<CustomObject xmlns="http://soap.sforce.com/2006/04/metadata">
  <label>Retention Policy</label>
  <pluralLabel>Retention Policies</pluralLabel>
  <nameField>
    <label>Policy Name</label>
    <type>Text</type>
  </nameField>
  <deploymentStatus>Deployed</deploymentStatus>
  <sharingModel>ReadWrite</sharingModel> 
  <fields> 
    <fullName>RetentionDays__c</fullName>
    <label>Retention (Days)</label>
    <type>Number</type>
    <precision>18</precision>
    <scale>0</scale>
  </fields>
  <fields>
    <fullName>AppliesTo__c</fullName>
    <label>Applies To (object)</label>
    <type>Text</type>
    <length>100</length>
  </fields>
</CustomObject>
