<?xml version="1.0" encoding="UTF-8"?>
<CustomField xmlns="http://soap.sforce.com/2006/04/metadata">
    <fullName>ComplianceStatus__c</fullName>
    <label>ComplianceStatus</label>
    <required>false</required>
    <trackTrending>false</trackTrending>
    <type>Picklist</type>
    <valueSet>
        <restricted>true</restricted>
        <valueSetDefinition> 
            <sorted>false</sorted> 
            <value>
                <fullName>Compliant</fullName>
                <default>false</default>
                <label>Compliant</label>
            </value>
            <value>
                <fullName>Non-Compliant</fullName>
                <default>false</default>
                <label>Non-Compliant</label>
            </value>
            <value>
                <fullName>Under Review</fullName>
                <default>false</default>
                <label>Under Review</label>
            </value>
        </valueSetDefinition>
    </valueSet>
</CustomField>
