<?xml version="1.0" encoding="UTF-8"?>
<CustomField xmlns="http://soap.sforce.com/2006/04/metadata">
    <fullName>OutputFormat__c</fullName>
    <label>OutputFormat</label>
    <required>false</required>
    <trackTrending>false</trackTrending>
    <type>Picklist</type>
    <valueSet>
        <restricted>true</restricted>
        <valueSetDefinition>
            <sorted>false</sorted>
            <value> 
                <fullName>PDF</fullName>
                <default>false</default>
                <label>PDF</label> 
            </value>
            <value>
                <fullName>DOCX</fullName>
                <default>false</default>
                <label>DOCX</label>
            </value>
            <value>
                <fullName>HTML</fullName>
                <default>false</default>
                <label>HTML</label>
            </value>
        </valueSetDefinition>
    </valueSet>
</CustomField>
