<?xml version="1.0" encoding="UTF-8"?>
<CustomField xmlns="http://soap.sforce.com/2006/04/metadata">
    <fullName>Role__c</fullName>
    <label>Role</label>
    <required>false</required>
    <trackTrending>false</trackTrending>
    <type>Picklist</type>
    <valueSet>
        <restricted>true</restricted>
        <valueSetDefinition>
            <sorted>false</sorted>
            <value> 
                <fullName>Manager</fullName> 
                <default>false</default>
                <label>Manager</label>
            </value>
            <value>
                <fullName>Employee</fullName>
                <default>false</default>
                <label>Employee</label>
            </value>
            <value>
                <fullName>Admin</fullName>
                <default>false</default>
                <label>Admin</label>
            </value>
            <value>
                <fullName>Developer</fullName>
                <default>false</default>
                <label>Developer</label>
            </value>
        </valueSetDefinition>
    </valueSet>
</CustomField>
